word,count
two,120127
twenty,113687
nineteen,97361
thousand,86755
one,62799
hundred,50972
the,47638
of,46251
three,43666
five,42633
nine,42420
s,41743
eight,41723
seven,40075
four,39899
six,39187
c,37000
a,36323
ninety,35486
p,35204
o,35136
d,27544
e,26646
eighty,26277
n,25112
t,24419
i,24219
m,23671
seventy,22252
r,22074
thirty,22007
b,21426
f,21029
fifty,20335
sixty,20167
eighteen,20104
forty,19763
l,18514
u,18503
ten,17450
h,15865
point,15370
twelve,15190
eleven,15140
thirteen,13897
fourteen,13333
fifteen,13143
w,12920
g,12600
v,11309
and,10881
first,10835
to,10600
sil,10547
k,9787
j,9693
october,9415
march,9343
january,9283
september,8825
december,8763
may,8719
july,8664
june,8655
november,8538
august,8489
april,8468
february,8190
dot,7569
second,7352
sixteen,6867
third,6573
fourth,6439
fifth,6339
sixth,6212
eighth,6178
seventeen,6164
seventh,6152
percent,6097
ninth,5759
dollars,5061
y,4224
nineteenth,3549
twentieth,3508
kilometers,3485
million,3477
fifteenth,3455
eleventh,3399
tenth,3380
eighteenth,3325
twelfth,3282
fourteenth,3250
x,3240
sixteenth,3192
seventeenth,3189
thirteenth,3178
slash,3112
saint,3100
thirtieth,2886
zero,2447
z,2087
square,2030
volume,1988
meters,1939
number,1718
center,1546
q,1543
per,1449
doctor,1252
theater,1095
dash,1088
versus,1016
mister,978
limited,967
minus,940
junior,891
acute,860
eighties,826
miles,792
pounds,771
billion,722
millimeters,713
nineties,709
seventies,686
colon,660
alpha,659
sixties,647
feet,629
etcetera,599
sigma,497
omicron,492
fifties,464
labor,446
iota,445
program,428
c's,406
centimeters,393
a's,374
d's,367
thirties,354
epsilon,348
senior,318
hour,302
tau,301
color,297
twenties,296
underscore,294
nu,288
advertizing,284
organization,278
rho,275
com,271
p's,259
honor,258
catalog,253
o's,247
forties,241
i's,236
franchize,235
lambda,227
eta,225
sunday,210
kappa,209
upsilon,206
mount,203
trillion,194
pi,190
e's,179
kilograms,179
hash,178
mu,178
r's,178
v's,176
inches,169
honors,168
organized,168
gamma,168
harbor,167
seconds,167
programs,163
meter,159
favorite,157
centers,155
behavior,155
brothers,153
thousands,152
recognized,150
by,150
m's,147
hectares,145
street,142
beta,140
hundreds,138
colors,138
half,137
dialog,133
neighborhood,129
euros,126
kilowatts,126
l's,124
kilometer,122
omega,122
neighboring,115
u's,112
delta,112
organizations,111
professor,111
favor,111
hundredth,109
cents,109
minutes,109
horsepower,107
y's,102
road,101
fiftieth,100
n's,99
t's,97
saturday,95
tuesday,95
monday,92
colored,90
k's,89
honored,88
department,86
okay,85
synagog,85
dollar,84
criticized,83
theaters,82
friday,82
wednesday,81
sevenths,81
eighths,80
theta,80
f's,79
b's,79
strasse,78
s's,76
minute,75
televized,75
hours,73
tag,69
advertizer,69
cafe,69
thirds,68
armored,68
quebec,66
yahoo,66
fortieth,66
fifths,65
rupees,65
quarters,65
megawatts,64
private,64
elizabeth,64
phi,64
tilde,63
thursday,62
o'clock,60
g's,59
armor,59
sixths,59
ninths,58
cubic,58
neighbors,57
pound,57
milliseconds,53
megahertz,52
honorable,51
tens,51
chi,50
over,50
place,48
nan,47
j's,47
kilogram,47
volts,44
megabytes,44
analog,44
monoxide,43
characterized,43
firsts,43
specialized,42
grams,42
circle,42
kilohertz,41
atletico,40
w's,40
sevens,39
tenths,39
united,39
specializing,39
sixtieth,38
favored,37
fives,37
realized,36
ones,36
nines,35
states,35
organizing,35
advertized,35
elevenths,34
humor,34
with,34
rumors,34
drive,33
hundredths,32
international,32
nanometers,32
yen,32
ninetieth,31
seventieth,31
weg,31
gigabytes,30
colorful,30
kilo,30
thousandth,30
dialogs,29
fiber,29
liters,29
micrometers,28
fourteenths,28
halves,28
recognize,28
authorized,28
crore,28
avenue,27
revolutions,27
flavor,27
glamor,27
specializes,26
favorable,26
milligrams,26
tumor,26
year,25
kilobytes,25
realizes,25
twelfths,25
prolog,25
fourths,24
eliza,24
kroner,24
neighborhoods,24
zeta,24
nitrogen,23
quarter,23
boulevard,23
h's,23
endeavor,23
neighbor,23
apologizes,22
reorganization,22
nineteens,22
laborers,22
hertz,22
behavioral,22
liter,21
organizes,21
twentieths,21
barbeque,21
second's,21
organizers,21
eights,20
eightieth,20
xi,20
gigahertz,20
sixes,20
favorites,20
civilization,20
twos,19
thirteenths,19
organize,19
reorganized,19
catalogs,19
specter,19
fours,18
sixteenths,18
watt,18
shield,18
won,18
german,18
astronomical,18
ounces,17
savior,17
giga,17
organizer,17
q's,17
units,17
utilized,17
advertizers,17
modernization,16
marks,16
emphasized,16
realize,16
squared,16
norwegian,16
corporal,16
analogs,16
x's,16
mega,16
week,16
threes,16
organizational,16
fifteenths,15
mountain,15
privatization,15
digitized,15
z's,15
court,14
cause,14
twelves,14
baptized,14
colonel,14
rumored,14
carbon,14
inch,14
yuan,14
seventeens,14
rumor,14
naturalized,14
opus,14
millimeter,13
watercolor,13
elevens,13
thirtieths,13
pence,13
bundes,13
milliliters,13
eighteens,13
recognizes,13
merchandizing,13
homolog,13
lane,13
harbors,12
years,12
laborer,12
endeavors,12
coloring,12
tumors,12
favors,12
apologize,12
psi,12
way,12
globalization,11
specialize,11
okanogan,11
flavors,11
symbolizing,11
finalized,11
miter,11
randomized,11
centimeter,11
face,11
characterization,11
realizing,11
double,11
localized,10
third's,10
thirteens,10
synchronized,10
pat√©,10
amperes,10
kilobits,10
sepulcher,10
bridge,10
caliber,10
behaviors,10
sad,10
sixteens,10
privatized,10
coloration,10
summarized,9
industrialization,9
subsidized,9
francs,9
organization's,9
fibers,9
modernized,9
fiftieths,9
minimize,9
danish,9
vigor,9
peta,9
colonization,9
scepter,9
televize,8
nationalization,8
yards,8
pizano,8
stabilized,8
interstate,8
popularized,8
colorless,8
recognizable,8
categorized,8
milli,8
centralized,8
liberalization,8
eightieths,8
gigawatts,8
utilization,8
tera,8
eighteenths,8
fifteens,8
motorized,8
ad,8
nineteenths,8
eighth's,7
nationalized,7
indian,7
aluminium,7
symbolizes,7
standardized,7
oxide,7
unfavorable,7
travelog,7
ninetieths,7
flavored,7
izaak,7
squadron,7
cliche,7
program's,7
day,7
odor,7
stone,7
hospitalized,7
serialized,7
electron,6
hundredweight,6
honoring,6
chloride,6
oxygen,6
fortieths,6
arbor,6
urbanization,6
savory,6
junction,6
jeweled,6
watts,6
symbolize,6
dramatized,6
apologized,6
criticizes,6
unauthorized,6
optimization,6
cubed,6
publicized,6
utilizing,6
euro,6
visualization,6
reals,6
paralyzed,6
first's,6
uncle,6
especially,6
riza,5
emphasizes,5
luster,5
advertizes,5
criticize,5
advertize,5
recognizing,5
bahnhof,5
swiss,5
foot,5
fictionalized,5
fourteens,5
sulphur,5
decibels,5
institutionalized,5
ii,5
unrecognized,5
mechanized,5
naturalization,5
bars,5
micrograms,5
polymerization,5
pesos,5
emphasizing,5
modernize,5
mobilization,5
mobilized,5
watercolors,5
mile,4
commercialization,4
synthesizers,4
localization,4
fertilization,4
zlotys,4
criticizing,4
wein,4
belgian,4
civilizations,4
meager,4
epicenter,4
times,4
utilizes,4
joules,4
deadmouse,4
favorably,4
stylized,4
democratization,4
legalize,4
emirates,4
rationalization,4
thousandths,4
pascals,4
personalized,4
computerized,4
utilize,4
favoring,4
standardization,4
equalized,4
enfranchized,4
formalized,4
fifth's,4
vapor,4
dirhams,4
seventieths,4
customized,4
parlor,4
rijks,4
hybridization,4
arab,4
lakh,4
micro,4
megabits,4
circumcized,4
chains,4
pedestrianized,4
building,4
seventeenths,4
popularize,4
personalization,4
knots,4
metabolized,4
fertilizer,4
anglicized,3
galvanized,3
iii,3
dodecoxide,3
paseo,3
than,3
terabytes,3
synthesized,3
materialized,3
vandalized,3
cal,3
authorize,3
stabilization,3
penalized,3
symbolized,3
urbanized,3
demobilization,3
somber,3
marginalized,3
stabilizer,3
micrometer,3
kronor,3
coulombs,3
swedish,3
laboring,3
gigabyte,3
cliches,3
argentine,3
emphasize,3
greater,3
internationalization,3
ahl,3
polish,3
disorganized,3
british,3
south,3
legalized,3
labors,3
pressurized,3
polarization,3
friedrich,3
kilonewtons,3
visualized,3
deci,3
kilopascals,3
dishonored,3
ardor,3
new,3
parlors,3
gram,3
patronized,3
quadrillion,3
satirizing,3
harbored,3
sixtieths,3
maximize,3
cypriot,3
cent,3
hospitalization,3
characterize,3
in,3
sympathizers,3
endeavored,3
exorcizing,3
chlorine,3
harmonize,3
flavorings,3
decentralization,3
finalize,3
newton,3
colonized,3
two's,3
splendor,3
acclimatization,3
optimized,3
mole,3
popularizing,3
generalized,3
phosphorus,3
modernizing,2
prioritized,2
month,2
candelas,2
zeroths,2
force,2
churches,2
nationalize,2
materialize,2
gigabits,2
rationalized,2
industrialized,2
chain,2
vie,2
lackluster,2
socialization,2
quer,2
bahamian,2
optimizing,2
canonized,2
rands,2
control,2
gamergate,2
crystallized,2
savor,2
neighborly,2
evangelized,2
synthesizer,2
becquerels,2
rupiahs,2
unfavorably,2
helena,2
takas,2
neighbor's,2
endeavoring,2
synchronize,2
publicize,2
alii,2
hybridize,2
stabilize,2
colorings,2
gambian,2
megapascals,2
management,2
politicization,2
zelt,2
specters,2
realization,2
bits,2
population,2
ionizing,2
markkas,2
bahts,2
legalizing,2
philippine,2
odors,2
generalizes,2
daltons,2
ukrainian,2
customize,2
african,2
volt,2
valorization,2
doi,2
seychelles,2
demoralized,2
mittel,2
reorganize,2
muhlen,2
reorganizing,2
regionalization,2
weeks',2
four's,2
israeli,2
authorizing,2
dramatization,2
dalasis,2
nukupuu,2
sixth's,2
sheqels,2
discolored,2
mark,2
neutralized,2
armory,2
favoritism,2
commercialized,2
east,2
canadian,2
chastizes,2
di,2
unit,2
pedagog,2
theorized,2
demagog,2
hryvnias,2
normalization,2
prioritize,2
mineralization,2
publicizing,2
hypothesized,2
civilized,2
decentralized,2
terrorized,2
dehumanized,2
conceptualized,2
indonesian,2
formalize,2
flavoring,2
atmospheres,2
finnish,2
creek,2
thai,2
analize,2
specializations,2
unorganized,2
christianized,2
colonizes,2
extension,2
oz,2
lady's,2
misbehavior,2
newtons,2
legitimized,2
fourth's,2
oxidized,2
categorization,2
denationalization,2
en,2
anatomized,2
harmonization,2
stabilizes,2
capitalized,2
us,2
west,2
authorization,2
richkids,2
louvers,2
an,2
revitalize,2
immobilized,2
succor,2
standardize,2
land,2
calle,2
internalized,2
lifetimebiopics,1
localizer,1
disfranchize,1
futurem,1
sterilizing,1
epitomized,1
schonbrunner,1
langebaan,1
privat,1
tetroxide,1
vietnamese,1
scepters,1
fervor,1
customizable,1
danziger,1
mobilizations,1
dil,1
synthesizing,1
pulas,1
ost,1
ahupuaa,1
tantalizing,1
bermudian,1
mineralized,1
maties,1
valkenburger,1
louis,1
henri,1
northern,1
saudi,1
evangelize,1
westenhell,1
round,1
be,1
discover,1
milligram,1
farads,1
houldsworth,1
banks,1
newcrush,1
keaau,1
victimization,1
nano,1
rubberized,1
catechizing,1
korean,1
collectivized,1
bal,1
pfennigs,1
hungarian,1
heideck,1
victimized,1
equals,1
supergirl,1
centralization,1
seventh's,1
guilty,1
mac,1
pico,1
stabilizing,1
bravoes,1
demeanor,1
zimmerwald,1
attila,1
industrialize,1
vii,1
vapors,1
riyals,1
vip,1
materializes,1
exorcizes,1
rican,1
memorization,1
meadow,1
belikebill,1
humored,1
stolpersteine,1
unrecognizable,1
honorary,1
enew,1
linden,1
kim,1
personnelholmgren,1
capitalizing,1
malariadayamericas,1
hexadecoxide,1
normalized,1
schongauer,1
wolt,1
mo,1
wlodzimierz,1
pelikaan,1
cite,1
rigors,1
plates,1
urban,1
dishonors,1
papua,1
regularization,1
stylizing,1
id,1
privatize,1
nonoxide,1
ried,1
septillion,1
equalizers,1
sim,1
dongs,1
lithuanian,1
vocalization,1
records,1
islands,1
summarize,1
capitalize,1
rationalize,1
tetra,1
criminalization,1
so,1
microseconds,1
turnpike,1
odorless,1
sa,1
eulogize,1
schillings,1
mechanization,1
finalizes,1
feminizes,1
austrian,1
georg,1
move,1
merchandized,1
niedertor,1
sodium,1
proudcatholic,1
plagiarized,1
forints,1
pleads,1
sterilization,1
koolau,1
oxidizing,1
maximizing,1
operatorsjohn,1
kiss,1
sulphate,1
bar,1
octms,1
antagonized,1
colonize,1
apprizing,1
oahu,1
sextillion,1
civilizing,1
exorcize,1
ee,1
scheme,1
celsius,1
twerkit,1
multicolored,1
hexoxide,1
special,1
sieverts,1
fachwerk,1
license,1
litass,1
conceptualizing,1
display,1
privatizations,1
sympathizes,1
re,1
maximized,1
sympathized,1
rund,1
cannibalized,1
crwn,1
steph,1
hecto,1
kaulbach,1
initialize,1
ore,1
cape,1
secularization,1
ostend,1
calories,1
millibars,1
neutralization,1
generalizations,1
anonymous,1
rand,1
fitnesstuesday,1
kilobyte,1
revitalization,1
heer,1
maximilian,1
ring,1
light,1
properties,1
top,1
neutralizing,1
everybodyisflawless,1
unpasteurized,1
karmarsch,1
kiwi,1
decentralize,1
goiter,1
terrorize,1
socialhttp,1
za,1
internalizing,1
livingfortheweekend,1
wieland,1
toronto,1
hypnotized,1
kina,1
arlhs,1
solomon,1
magnesium,1
rigor,1
nationalizing,1
hiiaka,1
ohl,1
haiku,1
smiley,1
arrow,1
socin,1
clio,1
botswana,1
sterilized,1
cancelcolbert,1
tri,1
stigmatized,1
colorist,1
green,1
capitalization,1
pakistani,1
visualize,1
gallons,1
idealized,1
subsidize,1
characterizes,1
three's,1
salz,1
galvanizing,1
christianization,1
uefa,1
caribbean,1
visualizer,1
showmelove,1
categorize,1
legalization,1
minimizing,1
dematerializes,1
immermann,1
epitomizes,1
formalizing,1
hawhaw,1
lumens,1
coloreds,1
fb,1
freebassel,1
amateurs,1
deletecyberbullying,1
ultimateotakuteacher,1
eleventh's,1
gen,1
digitalfashionweek,1
hypnotize,1
internationalized,1
lichtwark,1
alakai,1
fe,1
sudanese,1
shitake,1
see,1
candor,1
anthropomorphized,1
latinized,1
waldhausen,1
grimm,1
kamohoalii,1
multicolor,1
henrys,1
troubadour,1
ohms,1
prontoacorrere,1
neutralize,1
john,1
legitimize,1
kreuz,1
elsen,1
seven's,1
oxidize,1
womanizer,1
chastize,1
splendors,1
summarizes,1
ionization,1
korunas,1
foreign,1
oimatewtf,1
skifernwander,1
destabilized,1
colons,1
eulogized,1
ryke,1
circumcizing,1
renn,1
wurzer,1
tons,1
duden,1
serialization,1
lindwurm,1
runaway,1
synergize,1
normalizing,1
kohlschutter,1
tantalize,1
victimizing,1
revolutionize,1
sotu,1
ireland,1
degrees,1
longreads,1
website,1
krone,1
georgia,1
recolonization,1
antagonizing,1
westernization,1
external,1
proselytize,1
uae,1
patronizing,1
politicize,1
memorialized,1
chastized,1
aip,1
fug,1
boltenstern,1
radio,1
jesc,1
decolonization,1
telephone,1
eller,1
specialization,1
radicalization,1
epicenters,1
dishonor,1
bendler,1
sesam,1
web,1
material,1
recolonize,1
rijksstraat,1
rathenau,1
reconnoiter,1
costa,1
sixteenth's,1
destabilizing,1
zand,1
globalized,1
danemark,1
wald,1
uniprotkb,1
immortalized,1
mobilize,1
expressway,1
got,1
liberalized,1
sime,1
localize,1
destabilize,1
somerville,1
glottalized,1
tin,1
jjotday,1
schwanthaler,1
help,1
adoption,1
gottes,1
atypicalempl,1
mcm,1
humors,1
ebel,1
killallmuslims,1
synchronization,1
kesha,1
iiwi,1
immunization,1
neighbored,1
serbian,1
sympathize,1
miniaturized,1
czech,1
eiszeit,1
iamcampaign,1
quintillion,1
koln,1
twelfth's,1
legalizes,1
lead,1
paralyze,1
dinars,1
rou,1
merchandizer,1
anthologized,1
fourteenth's,1
romanized,1
hoff,1
latinizes,1
broadcastdub,1
digitizes,1
joule,1
ohia,1
pressurize,1
on,1
microsecond,1
plus,1
act,1
internalizes,1
pressurizing,1
getcorrected,1
barrels,1
greysanatomy,1
final,1
guinean,1
burgen,1
finalizing,1
national,1
opisraelretailiate,1
fraud,1
authorizes,1
centavos,1
monopolized,1
bangladeshi,1
fertilizes,1
socializing,1
oohwee,1
unionized,1
ean,1
baptizing,1
kapuziner,1
berg,1
fertilize,1
korte,1
chastizing,1
sent,1
anglicization,1
nuuanu,1
um,1
ecrypt,1
stories,1
ostracized,1
ex,1
saviors,1
ag,1
hoffmann,1
ah,1
authorizations,1
byebliss,1
humanized,1
neutralizes,1
grossglockner,1
pentoxide,1
newmac,1
junk,1
championship,1
editorialized,1
feelslikelove,1
gotthard,1
fertilized,1
crystallizing,1
mesmerized,1
democratize,1
equalizer,1
agonizing,1
amp,1
thirteen's,1
belikeqodos,1
grading,1
at,1
executive,1
megawatt,1
humoring,1
disorganization,1
imax,1
